id;title;status;created_at
1;Singapore Extremadura;Metal action-items;2022-11-20T01:02:12
2;leading-edge;copy 24/7 Artesanal;2022-11-19T20:18:01
3;Verde mission-critical Extremadura;revolutionize Mercados;2022-11-19T22:52:05
4;Enfocado Diseñador;system;2022-11-19T09:49:02
5;backing;payment Tácticas;2022-11-19T18:40:06
6;collaborative Comodos Zapatos;Amarillo withdrawal Sorprendente;2022-11-19T15:07:53
7;Acero Pollo;navigate generate;2022-11-20T02:34:01
8;Práctico Funcionario;XSS connecting;2022-11-19T13:34:00
9;Joyería synthesize;Fundamental redefine PCI;2022-11-19T12:00:37
10;initiatives Consultor;optical Cuentas;2022-11-19T20:38:06
